"FIPS_Code","Year","State","Avg.Unhealthy.Days","Avg.Max.AQI","Avg.Days.PM2.5","y2_state","Migrants.outflows"
1,2013,"Alabama",0,86.0555555555556,84.1666666666667,"AL",103386
2,2013,"Alaska",3.625,108,176.75,"AK",42818
4,2013,"Arizona",1.84615384615385,240.846153846154,31.0769230769231,"AZ",185497
5,2013,"Arkansas",0,93.1818181818182,88.8181818181818,"AR",68672
6,2013,"California",5,219.203703703704,128.425925925926,"CA",532619
8,2013,"Colorado",0.6,164.833333333333,17.4333333333333,"CO",158807
9,2013,"Connecticut",1.875,156.75,133.875,"CT",85030
10,2013,"Delaware",0,123,130.666666666667,"DE",27938
12,2013,"Florida",0,99.5526315789474,114.842105263158,"FL",512104
13,2013,"Georgia",0.03125,97.625,181.96875,"GA",276109
15,2013,"Hawaii",0,73,309,"HI",58912
16,2013,"Idaho",1.53846153846154,122.384615384615,174.615384615385,"ID",49380
17,2013,"Illinois",0.0434782608695652,103.304347826087,57.7826086956522,"IL",259153
18,2013,"Indiana",0.0555555555555556,101.638888888889,121.694444444444,"IN",122929
19,2013,"Iowa",0,101.210526315789,165.684210526316,"IA",61697
20,2013,"Kansas",0,88.2307692307692,45.3846153846154,"KS",92924
21,2013,"Kentucky",0,93.3103448275862,92.3103448275862,"KY",96973
22,2013,"Louisiana",0.136363636363636,114.363636363636,127.090909090909,"LA",95050
23,2013,"Maine",0,117.454545454545,50.6363636363636,"ME",26033
24,2013,"Maryland",0,116.866666666667,112.2,"MD",163323
25,2013,"Massachusetts",0.0833333333333333,120.083333333333,130.583333333333,"MA",127521
26,2013,"Michigan",0.0357142857142857,111.928571428571,65.0357142857143,"MI",146919
27,2013,"Minnesota",0,88.05,151.15,"MN",92974
28,2013,"Mississippi",0,98.8,106,"MS",70899
29,2013,"Missouri",0.0476190476190476,109.095238095238,111.142857142857,"MO",130297
30,2013,"Montana",0.368421052631579,91.2105263157895,172.052631578947,"MT",28754
31,2013,"Nebraska",0,82.9090909090909,96.0909090909091,"NE",44275
32,2013,"Nevada",2.6,209.7,59.1,"NV",104841
33,2013,"New Hampshire",0,103.285714285714,77.4285714285714,"NH",38264
34,2013,"New Jersey",0.1875,122.9375,100.4375,"NJ",197820
35,2013,"New Mexico",0.722222222222222,139.5,64.3888888888889,"NM",68030
36,2013,"New York",0.103448275862069,106.551724137931,97.9655172413793,"NY",386395
37,2013,"North Carolina",0.0217391304347826,91.9130434782609,135.586956521739,"NC",248951
38,2013,"North Dakota",0,82.4444444444444,69.3333333333333,"ND",26085
39,2013,"Ohio",0.0526315789473684,110.921052631579,139.131578947368,"OH",181113
40,2013,"Oklahoma",0,110.347826086957,73.7826086956522,"OK",86878
41,2013,"Oregon",1.91666666666667,135.458333333333,294.5,"OR",94092
42,2013,"Pennsylvania",0.105263157894737,124.5,132.842105263158,"PA",214605
44,2013,"Rhode Island",0.333333333333333,154,152.333333333333,"RI",27687
45,2013,"South Carolina",0,84.0526315789474,109.526315789474,"SC",118681
46,2013,"South Dakota",0,90.1111111111111,116,"SD",26334
47,2013,"Tennessee",0,86.88,94.16,"TN",159925
48,2013,"Texas",0.441860465116279,126.255813953488,132.767441860465,"TX",442376
49,2013,"Utah",6.13333333333333,141.933333333333,70.3333333333333,"UT",76478
50,2013,"Vermont",0,103.75,162,"VT",16540
51,2013,"Virginia",0,83.6666666666667,67.75,"VA",257928
53,2013,"Washington",0.275862068965517,112,299.379310344828,"WA",183119
54,2013,"West Virginia",0,98.4666666666667,97.2,"WV",39464
55,2013,"Wisconsin",0,95.09375,85.71875,"WI",95636
56,2013,"Wyoming",0.0555555555555556,107.888888888889,20.4444444444444,"WY",30635
1,2014,"Alabama",0,93.3333333333333,83.6666666666667,"AL",98079
2,2014,"Alaska",6.25,133,164,"AK",39165
4,2014,"Arizona",1.84615384615385,203.692307692308,34.3846153846154,"AZ",168291
5,2014,"Arkansas",0,87.9090909090909,89.4545454545455,"AR",65291
6,2014,"California",5.38888888888889,210.62962962963,117.777777777778,"CA",512732
8,2014,"Colorado",0.233333333333333,104.566666666667,19.5333333333333,"CO",150099
9,2014,"Connecticut",0.375,132.25,107.75,"CT",81456
10,2014,"Delaware",0.333333333333333,121.666666666667,144,"DE",27294
12,2014,"Florida",0.0512820512820513,100.871794871795,100.25641025641,"FL",434785
13,2014,"Georgia",0.03125,103.46875,183.34375,"GA",250183
15,2014,"Hawaii",0.25,126.25,274.25,"HI",57999
16,2014,"Idaho",0.4,115.4,188.8,"ID",47207
17,2014,"Illinois",0,104.521739130435,65.6086956521739,"IL",252389
18,2014,"Indiana",0.0769230769230769,110.820512820513,134.358974358974,"IN",117624
19,2014,"Iowa",0,100.263157894737,168.105263157895,"IA",58970
20,2014,"Kansas",0.0833333333333333,100.833333333333,46.6666666666667,"KS",86832
21,2014,"Kentucky",0.0344827586206897,95.8965517241379,88.3793103448276,"KY",91819
22,2014,"Louisiana",0.0909090909090909,113.545454545455,130.909090909091,"LA",88835
23,2014,"Maine",0,93.2727272727273,62.0909090909091,"ME",24140
24,2014,"Maryland",0,107.25,118.1875,"MD",155632
25,2014,"Massachusetts",0,95.2307692307692,123.461538461538,"MA",123903
26,2014,"Michigan",0.0357142857142857,111.214285714286,114.035714285714,"MI",140941
27,2014,"Minnesota",0,92.8571428571429,169,"MN",90312
28,2014,"Mississippi",0.1,102.9,112.6,"MS",67275
29,2014,"Missouri",0,106.904761904762,111.904761904762,"MO",124600
30,2014,"Montana",0.157894736842105,111.947368421053,171.315789473684,"MT",27893
31,2014,"Nebraska",0,82.0909090909091,94.4545454545455,"NE",42079
32,2014,"Nevada",0.666666666666667,213.888888888889,81.5555555555556,"NV",93798
33,2014,"New Hampshire",0,106.428571428571,84.7142857142857,"NH",35446
34,2014,"New Jersey",0.125,124.25,89.0625,"NJ",193002
35,2014,"New Mexico",0.294117647058824,111.117647058824,65.1176470588235,"NM",64573
36,2014,"New York",0.0689655172413793,103.689655172414,101.413793103448,"NY",371676
37,2014,"North Carolina",0,91.195652173913,129.347826086957,"NC",237070
38,2014,"North Dakota",0,117,56.1111111111111,"ND",27940
39,2014,"Ohio",0.0263157894736842,109.815789473684,132.342105263158,"OH",170745
40,2014,"Oklahoma",0.0454545454545455,106.136363636364,78.5454545454545,"OK",82573
41,2014,"Oregon",0.608695652173913,127.217391304348,289.304347826087,"OR",85360
42,2014,"Pennsylvania",0.105263157894737,111.210526315789,141.263157894737,"PA",204494
44,2014,"Rhode Island",0,106.333333333333,129.333333333333,"RI",26553
45,2014,"South Carolina",0.0526315789473684,89.1578947368421,106.368421052632,"SC",111343
46,2014,"South Dakota",0,90.8888888888889,76.5555555555556,"SD",24221
47,2014,"Tennessee",0,91.5,90.625,"TN",147352
48,2014,"Texas",0.162790697674419,109.906976744186,132.674418604651,"TX",411911
49,2014,"Utah",0.466666666666667,117,52.8666666666667,"UT",72689
50,2014,"Vermont",0,84.5,158.5,"VT",15952
51,2014,"Virginia",0.0285714285714286,78.6857142857143,70.9714285714286,"VA",257689
53,2014,"Washington",0.275862068965517,104.827586206897,288.137931034483,"WA",167489
54,2014,"West Virginia",0,88.4666666666667,85.7333333333333,"WV",36953
55,2014,"Wisconsin",0,113.461538461538,100.692307692308,"WI",91205
56,2014,"Wyoming",0.105263157894737,88.9473684210526,28.4210526315789,"WY",27037
1,2015,"Alabama",0.166666666666667,105.722222222222,145.722222222222,"AL",69378
2,2015,"Alaska",5.125,99.125,158,"AK",25022
4,2015,"Arizona",0.230769230769231,173.692307692308,45.1538461538462,"AZ",120204
5,2015,"Arkansas",0,83.9090909090909,87.9090909090909,"AR",46025
6,2015,"California",4.57407407407407,242.462962962963,111.018518518519,"CA",388394
8,2015,"Colorado",0.161290322580645,109.483870967742,19.6129032258065,"CO",102784
9,2015,"Connecticut",1.25,149.5,105.375,"CT",60493
10,2015,"Delaware",0.333333333333333,129,107.333333333333,"DE",19811
12,2015,"Florida",0,84.5128205128205,107.615384615385,"FL",309354
13,2015,"Georgia",0.125,106.5625,172.90625,"GA",179426
15,2015,"Hawaii",0,72,287.25,"HI",40289
16,2015,"Idaho",2.35,161.5,230.75,"ID",33194
17,2015,"Illinois",0.0869565217391304,103.95652173913,82.8260869565217,"IL",177453
18,2015,"Indiana",0.153846153846154,107.461538461538,133.717948717949,"IN",83576
19,2015,"Iowa",0.105263157894737,104.842105263158,166,"IA",40708
20,2015,"Kansas",0,97,46.8181818181818,"KS",57342
21,2015,"Kentucky",0.142857142857143,101.75,98.6785714285714,"KY",64231
22,2015,"Louisiana",0.136363636363636,108.090909090909,119.636363636364,"LA",64912
23,2015,"Maine",0,98.8333333333333,88.1666666666667,"ME",17712
24,2015,"Maryland",0.1875,124.9375,112.875,"MD",120783
25,2015,"Massachusetts",0.0769230769230769,119,116.384615384615,"MA",89799
26,2015,"Michigan",0.107142857142857,116.357142857143,111,"MI",97747
27,2015,"Minnesota",0.0476190476190476,110.380952380952,161.47619047619,"MN",62453
28,2015,"Mississippi",0,87,121.454545454545,"MS",51320
29,2015,"Missouri",0.0952380952380952,102.761904761905,106,"MO",86755
30,2015,"Montana",4.05263157894737,172.210526315789,177.368421052632,"MT",19103
31,2015,"Nebraska",0,84.3636363636364,105.272727272727,"NE",28652
32,2015,"Nevada",0.444444444444444,133.222222222222,70.3333333333333,"NV",66713
33,2015,"New Hampshire",0.142857142857143,119.142857142857,72.8571428571429,"NH",25366
34,2015,"New Jersey",0.25,132.8125,82.375,"NJ",149229
35,2015,"New Mexico",0.125,88.3125,67.8125,"NM",47287
36,2015,"New York",0,111.724137931034,100.137931034483,"NY",288250
37,2015,"North Carolina",0,88.2045454545455,115.818181818182,"NC",162379
38,2015,"North Dakota",1.5,150,67.7,"ND",21171
39,2015,"Ohio",0.0256410256410256,108.769230769231,123.564102564103,"OH",119437
40,2015,"Oklahoma",0.0434782608695652,96.9565217391304,74.3478260869565,"OK",59772
41,2015,"Oregon",2.30434782608696,165.478260869565,285.739130434783,"OR",62183
42,2015,"Pennsylvania",0.162162162162162,118.162162162162,131.972972972973,"PA",146026
44,2015,"Rhode Island",1,161,144.333333333333,"RI",19457
45,2015,"South Carolina",0,84.3684210526316,83.2631578947368,"SC",78749
46,2015,"South Dakota",0.1,120.4,144.7,"SD",16531
47,2015,"Tennessee",0,89.375,81.9583333333333,"TN",104401
48,2015,"Texas",0.731707317073171,122.365853658537,125.024390243902,"TX",381936
49,2015,"Utah",0.285714285714286,126.642857142857,61.8571428571429,"UT",48493
50,2015,"Vermont",0,95,146.5,"VT",11479
51,2015,"Virginia",0,79.9142857142857,73.8857142857143,"VA",166333
53,2015,"Washington",1.03448275862069,152.655172413793,290.206896551724,"WA",114931
54,2015,"West Virginia",0.0666666666666667,99.6666666666667,83.2,"WV",26816
55,2015,"Wisconsin",0.0740740740740741,109.074074074074,88.7777777777778,"WI",62453
56,2015,"Wyoming",0.210526315789474,110.263157894737,29.3684210526316,"WY",18079
1,2016,"Alabama",0.277777777777778,111.444444444444,116.777777777778,"AL",89926
2,2016,"Alaska",3.28571428571429,88.4285714285714,150.571428571429,"AK",35476
4,2016,"Arizona",0.538461538461538,228.153846153846,36.8461538461538,"AZ",158093
5,2016,"Arkansas",0.0909090909090909,83.5454545454545,84.6363636363636,"AR",60253
6,2016,"California",4.59259259259259,270.203703703704,110.814814814815,"CA",546608
8,2016,"Colorado",0.1875,103.65625,24.78125,"CO",160182
9,2016,"Connecticut",2,164.625,84.5,"CT",84560
10,2016,"Delaware",0.333333333333333,139.666666666667,89.3333333333333,"DE",26900
12,2016,"Florida",0.0769230769230769,95.5897435897436,98.5897435897436,"FL",392747
13,2016,"Georgia",0.46875,129.28125,154.46875,"GA",228611
15,2016,"Hawaii",0,90.25,272.75,"HI",61022
16,2016,"Idaho",0.3,107.1,280.9,"ID",44831
17,2016,"Illinois",0.0869565217391304,115.347826086957,80.8695652173913,"IL",256855
18,2016,"Indiana",0.027027027027027,113.351351351351,125.648648648649,"IN",116111
19,2016,"Iowa",0.105263157894737,97.9473684210526,166.157894736842,"IA",60856
20,2016,"Kansas",0.0909090909090909,104.727272727273,43.9090909090909,"KS",89248
21,2016,"Kentucky",0.142857142857143,111.714285714286,104.285714285714,"KY",86762
22,2016,"Louisiana",0,97,104.181818181818,"LA",86086
23,2016,"Maine",0.0909090909090909,98.3636363636364,110.727272727273,"ME",23688
24,2016,"Maryland",0.4375,130.9375,103,"MD",166151
25,2016,"Massachusetts",0.153846153846154,121.076923076923,83.6923076923077,"MA",133884
26,2016,"Michigan",0.0714285714285714,123.107142857143,96.3571428571429,"MI",131173
27,2016,"Minnesota",0.05,102.55,159.25,"MN",88148
28,2016,"Mississippi",0,85.1818181818182,104.818181818182,"MS",62024
29,2016,"Missouri",0.0952380952380952,104.52380952381,94.1904761904762,"MO",122792
30,2016,"Montana",0.263157894736842,116.684210526316,170.473684210526,"MT",26885
31,2016,"Nebraska",0,78.2,100.3,"NE",42779
32,2016,"Nevada",0,151,63.1111111111111,"NV",88593
33,2016,"New Hampshire",0,99.8571428571429,42.2857142857143,"NH",35981
34,2016,"New Jersey",0.375,137.4375,115.0625,"NJ",197139
35,2016,"New Mexico",0.25,119.5625,67.0625,"NM",61960
36,2016,"New York",0.0689655172413793,119.034482758621,84.1724137931034,"NY",397463
37,2016,"North Carolina",0.472222222222222,115,96.5277777777778,"NC",227662
38,2016,"North Dakota",0,92.4,40.4,"ND",35286
39,2016,"Ohio",0,109.897435897436,116.384615384615,"OH",172699
40,2016,"Oklahoma",0.04,92.8,57.08,"OK",83223
41,2016,"Oregon",0.0454545454545455,90.8181818181818,274.727272727273,"OR",85784
42,2016,"Pennsylvania",0.027027027027027,126,119.135135135135,"PA",210490
44,2016,"Rhode Island",0.333333333333333,146,132,"RI",26986
45,2016,"South Carolina",0.55,115.8,85,"SC",108587
46,2016,"South Dakota",0,90.1,105.8,"SD",23022
47,2016,"Tennessee",0.416666666666667,111.375,73.9583333333333,"TN",142546
48,2016,"Texas",0.0952380952380952,104.97619047619,111.47619047619,"TX",472140
49,2016,"Utah",1.07142857142857,124.857142857143,60,"UT",68282
50,2016,"Vermont",0,83,81.5,"VT",16733
51,2016,"Virginia",0,91.2647058823529,71.7058823529412,"VA",254059
53,2016,"Washington",0.172413793103448,88.1724137931034,287.448275862069,"WA",163214
54,2016,"West Virginia",0,95.8571428571429,83.2142857142857,"WV",37126
55,2016,"Wisconsin",0.259259259259259,118.592592592593,85.8888888888889,"WI",90978
56,2016,"Wyoming",0.0555555555555556,94.7777777777778,16.0555555555556,"WY",25606
1,2017,"Alabama",0.0555555555555556,104.333333333333,127.333333333333,"AL",113649
2,2017,"Alaska",3,92,158.571428571429,"AK",52364
4,2017,"Arizona",1.23076923076923,147.692307692308,36.3076923076923,"AZ",209214
5,2017,"Arkansas",0,84.0909090909091,133.636363636364,"AR",77410
6,2017,"California",6.9811320754717,288.301886792453,122.981132075472,"CA",750592
8,2017,"Colorado",0.09375,99.5,27.15625,"CO",235614
9,2017,"Connecticut",1.375,151.5,78.375,"CT",110337
10,2017,"Delaware",0,122.333333333333,112.666666666667,"DE",36137
12,2017,"Florida",0,105.846153846154,113.74358974359,"FL",555228
13,2017,"Georgia",0.0645161290322581,106.870967741935,144.193548387097,"GA",301116
15,2017,"Hawaii",0,75.25,268.25,"HI",87729
16,2017,"Idaho",3.15,204.5,289.45,"ID",59853
17,2017,"Illinois",0.0434782608695652,112.739130434783,94.3478260869565,"IL",353675
18,2017,"Indiana",0.0263157894736842,99.6578947368421,112.236842105263,"IN",155651
19,2017,"Iowa",0,85.0555555555556,165.944444444444,"IA",82395
20,2017,"Kansas",0.0909090909090909,93.9090909090909,60.2727272727273,"KS",116697
21,2017,"Kentucky",0,91.4285714285714,104.821428571429,"KY",114708
22,2017,"Louisiana",0,103.5,107.090909090909,"LA",116730
23,2017,"Maine",0.181818181818182,121.727272727273,99.2727272727273,"ME",29978
24,2017,"Maryland",0.25,117.5625,97,"MD",221113
25,2017,"Massachusetts",0.230769230769231,129.615384615385,93.1538461538462,"MA",178094
26,2017,"Michigan",0,104.25,87.3214285714286,"MI",170687
27,2017,"Minnesota",0,86.3,160.65,"MN",116006
28,2017,"Mississippi",0,78.0909090909091,116,"MS",79471
29,2017,"Missouri",0.0476190476190476,98.9523809523809,84.9047619047619,"MO",164867
30,2017,"Montana",3.78947368421053,188.789473684211,191.736842105263,"MT",36065
31,2017,"Nebraska",0,89.3333333333333,117,"NE",59552
32,2017,"Nevada",0.555555555555556,144.111111111111,62.5555555555556,"NV",115730
33,2017,"New Hampshire",0.142857142857143,104.857142857143,50.2857142857143,"NH",47901
34,2017,"New Jersey",0,115.625,122.3125,"NJ",253080
35,2017,"New Mexico",0.25,133.8125,67.875,"NM",77608
36,2017,"New York",0.103448275862069,101.51724137931,87.3103448275862,"NY",517304
37,2017,"North Carolina",0,87.0277777777778,101.305555555556,"NC",309313
38,2017,"North Dakota",0.545454545454545,139.363636363636,66.5454545454545,"ND",42948
39,2017,"Ohio",0.0256410256410256,105.692307692308,107.717948717949,"OH",227845
40,2017,"Oklahoma",0.037037037037037,92.3333333333333,68.2222222222222,"OK",109304
41,2017,"Oregon",4.95652173913043,215.130434782609,287.086956521739,"OR",124159
42,2017,"Pennsylvania",0.0810810810810811,106.054054054054,140.837837837838,"PA",271984
44,2017,"Rhode Island",0.333333333333333,144.666666666667,146.333333333333,"RI",35556
45,2017,"South Carolina",0,84.1578947368421,85.3157894736842,"SC",147712
46,2017,"South Dakota",0.2,107.9,122.4,"SD",30708
47,2017,"Tennessee",0.0434782608695652,89.695652173913,143.04347826087,"TN",193648
48,2017,"Texas",0.166666666666667,113.833333333333,127.833333333333,"TX",571981
49,2017,"Utah",1.42857142857143,136.714285714286,57.2142857142857,"UT",93647
50,2017,"Vermont",0,76.75,96.75,"VT",21457
51,2017,"Virginia",0.0303030303030303,74.969696969697,61.6060606060606,"VA",347870
53,2017,"Washington",3.93333333333333,183.5,289.733333333333,"WA",235808
54,2017,"West Virginia",0,82,91.2857142857143,"WV",49887
55,2017,"Wisconsin",0,100.666666666667,79.3333333333333,"WI",120897
56,2017,"Wyoming",0.529411764705882,167.588235294118,18.8823529411765,"WY",35249
1,2018,"Alabama",0.117647058823529,98.5294117647059,132.705882352941,"AL",89318
2,2018,"Alaska",1.375,84.125,166.375,"AK",35890
4,2018,"Arizona",1,199.538461538462,36.0769230769231,"AZ",159284
5,2018,"Arkansas",0,94.3333333333333,128.25,"AR",59827
6,2018,"California",9.69811320754717,231.11320754717,138.716981132075,"CA",592703
8,2018,"Colorado",0.818181818181818,128.606060606061,31.9090909090909,"CO",174110
9,2018,"Connecticut",1.125,144,73,"CT",85836
10,2018,"Delaware",0,141,96.3333333333333,"DE",27298
12,2018,"Florida",0.0512820512820513,101.384615384615,102,"FL",455874
13,2018,"Georgia",0,94.6206896551724,154.379310344828,"GA",230935
15,2018,"Hawaii",0.5,86,249.75,"HI",61021
16,2018,"Idaho",0.9,150.65,287.2,"ID",46929
17,2018,"Illinois",0.434782608695652,124.434782608696,115.478260869565,"IL",259810
18,2018,"Indiana",0.108108108108108,115.378378378378,100.918918918919,"IN",117657
19,2018,"Iowa",0,97.1875,176.25,"IA",60379
20,2018,"Kansas",0.0909090909090909,104.727272727273,66.6363636363636,"KS",83980
21,2018,"Kentucky",0.111111111111111,101.074074074074,103.37037037037,"KY",85337
22,2018,"Louisiana",0.0454545454545455,103.727272727273,111.954545454545,"LA",89229
23,2018,"Maine",0.2,113.8,81.1,"ME",23871
24,2018,"Maryland",0.125,122.0625,97.25,"MD",164713
25,2018,"Massachusetts",0,117.230769230769,103,"MA",137891
26,2018,"Michigan",0.214285714285714,121.392857142857,81.1428571428571,"MI",130302
27,2018,"Minnesota",0,99.8571428571429,180.47619047619,"MN",87237
28,2018,"Mississippi",0.0909090909090909,105.363636363636,150.272727272727,"MS",62900
29,2018,"Missouri",0.0476190476190476,109.238095238095,90.7142857142857,"MO",123735
30,2018,"Montana",1.36842105263158,140.421052631579,187.263157894737,"MT",28796
31,2018,"Nebraska",0,82,113.111111111111,"NE",43393
32,2018,"Nevada",0.777777777777778,140,63.5555555555556,"NV",91815
33,2018,"New Hampshire",0,95.4285714285714,54.4285714285714,"NH",37804
34,2018,"New Jersey",0.5,140.125,127.375,"NJ",200889
35,2018,"New Mexico",0.5,107.625,70.5,"NM",58311
36,2018,"New York",0.178571428571429,122.678571428571,96.5714285714286,"NY",402571
37,2018,"North Carolina",0,90.75,96.5833333333333,"NC",228607
38,2018,"North Dakota",0.2,109.9,82.2,"ND",28840
39,2018,"Ohio",0.05,107.775,110.6,"OH",168010
40,2018,"Oklahoma",0.12,122.52,86.32,"OK",80505
41,2018,"Oregon",4.47826086956522,164.434782608696,291.434782608696,"OR",96843
42,2018,"Pennsylvania",0.128205128205128,111.615384615385,114.076923076923,"PA",205965
44,2018,"Rhode Island",0,134,169.333333333333,"RI",27606
45,2018,"South Carolina",0,82.7777777777778,141.111111111111,"SC",115117
46,2018,"South Dakota",0,135,116.5,"SD",23225
47,2018,"Tennessee",0.0434782608695652,97.5217391304348,178.04347826087,"TN",149277
48,2018,"Texas",0.571428571428571,130.142857142857,130.571428571429,"TX",436619
49,2018,"Utah",0.933333333333333,131.133333333333,53.1333333333333,"UT",72235
50,2018,"Vermont",0,82.75,103.5,"VT",16217
51,2018,"Virginia",0,80.09375,63.625,"VA",251281
53,2018,"Washington",4.4,196.2,296.4,"WA",184845
54,2018,"West Virginia",0,86.3571428571429,81.0714285714286,"WV",37125
55,2018,"Wisconsin",0.481481481481481,124.518518518519,89.2222222222222,"WI",89383
56,2018,"Wyoming",0.166666666666667,106.5,14.8333333333333,"WY",23201
1,2019,"Alabama",0,88.8235294117647,125.117647058824,"AL",85235
2,2019,"Alaska",2.33333333333333,146.333333333333,181.888888888889,"AK",33857
4,2019,"Arizona",0.153846153846154,162.461538461538,38.8461538461538,"AZ",154498
5,2019,"Arkansas",0,83.6153846153846,114.846153846154,"AR",57866
6,2019,"California",2.66037735849057,226.264150943396,98.3962264150943,"CA",585372
8,2019,"Colorado",0.0714285714285714,95.0357142857143,37.6071428571429,"CO",170814
9,2019,"Connecticut",0.75,131.625,69.5,"CT",80485
10,2019,"Delaware",0,104,94.3333333333333,"DE",26866
12,2019,"Florida",0,92.7948717948718,103.051282051282,"FL",436820
13,2019,"Georgia",0.103448275862069,105.379310344828,159.241379310345,"GA",220399
15,2019,"Hawaii",0.25,93,247.75,"HI",57742
16,2019,"Idaho",0.15,89.75,286.1,"ID",45250
17,2019,"Illinois",0.130434782608696,106.04347826087,123.304347826087,"IL",247351
18,2019,"Indiana",0,89.4594594594595,97.2702702702703,"IN",112345
19,2019,"Iowa",0,85.25,163.1875,"IA",59037
20,2019,"Kansas",0.0909090909090909,100.545454545455,80.7272727272727,"KS",79871
21,2019,"Kentucky",0,81.5185185185185,79.3333333333333,"KY",82499
22,2019,"Louisiana",0,91.6363636363636,112.818181818182,"LA",84709
23,2019,"Maine",0.1,92.8,79.2,"ME",23229
24,2019,"Maryland",0,108.75,82.75,"MD",157783
25,2019,"Massachusetts",0,96,82.6923076923077,"MA",134296
26,2019,"Michigan",0,90.8214285714286,75.9285714285714,"MI",127440
27,2019,"Minnesota",0.0476190476190476,96.4285714285714,173.47619047619,"MN",87729
28,2019,"Mississippi",0,92.1,163.3,"MS",61222
29,2019,"Missouri",0.0476190476190476,91.1904761904762,90.6666666666667,"MO",118256
30,2019,"Montana",0.105263157894737,94.6315789473684,179.736842105263,"MT",27450
31,2019,"Nebraska",0,68.2222222222222,107.555555555556,"NE",42106
32,2019,"Nevada",0,93,64.4444444444444,"NV",91893
33,2019,"New Hampshire",0,75.7142857142857,47,"NH",35879
34,2019,"New Jersey",0,114.5,106.875,"NJ",192514
35,2019,"New Mexico",0.3125,149.6875,66.5625,"NM",55310
36,2019,"New York",0,85.2413793103448,85.4827586206897,"NY",389511
37,2019,"North Carolina",0,84.0833333333333,97.1111111111111,"NC",223631
38,2019,"North Dakota",0.1,88,61.6,"ND",27109
39,2019,"Ohio",0,92.575,104.75,"OH",162721
40,2019,"Oklahoma",0.0454545454545455,94.4545454545455,87.2272727272727,"OK",74430
41,2019,"Oregon",0.291666666666667,106.25,293.166666666667,"OR",94548
42,2019,"Pennsylvania",0.175,102.15,104.225,"PA",200156
44,2019,"Rhode Island",0,103,132.333333333333,"RI",26662
45,2019,"South Carolina",0,81.1666666666667,144.5,"SC",112089
46,2019,"South Dakota",0,89.5,103,"SD",23095
47,2019,"Tennessee",0,85,180.130434782609,"TN",142907
48,2019,"Texas",0.219512195121951,115.512195121951,123.878048780488,"TX",402285
49,2019,"Utah",0.533333333333333,114.333333333333,42.0666666666667,"UT",70391
50,2019,"Vermont",0,75.5,91.25,"VT",16337
51,2019,"Virginia",0,73.96875,54.75,"VA",239266
53,2019,"Washington",0,85.3870967741936,296.258064516129,"WA",177352
54,2019,"West Virginia",0,80.5714285714286,61.3571428571429,"WV",36077
55,2019,"Wisconsin",0,99.2962962962963,99.3703703703704,"WI",85898
56,2019,"Wyoming",0.166666666666667,98,6.61111111111111,"WY",21490
1,2020,"Alabama",0,85.0666666666667,141.466666666667,"AL",89699
2,2020,"Alaska",2.22222222222222,77,166.222222222222,"AK",35388
4,2020,"Arizona",5.84615384615385,238.307692307692,35.8461538461538,"AZ",169436
5,2020,"Arkansas",0,95.6363636363636,103,"AR",60482
6,2020,"California",14.2075471698113,287.132075471698,141.641509433962,"CA",684935
8,2020,"Colorado",0.607142857142857,118.321428571429,40.5714285714286,"CO",194607
9,2020,"Connecticut",0.5,124.75,82.125,"CT",87076
10,2020,"Delaware",0,90.6666666666667,100,"DE",28230
12,2020,"Florida",0.153846153846154,100,129.487179487179,"FL",466040
13,2020,"Georgia",0,95.2068965517241,164.827586206897,"GA",239864
15,2020,"Hawaii",0,58.75,262.25,"HI",61162
16,2020,"Idaho",3.4,209.4,286.7,"ID",51021
17,2020,"Illinois",0.347826086956522,118.391304347826,134.869565217391,"IL",274123
18,2020,"Indiana",0.147058823529412,103.882352941176,105.5,"IN",120337
19,2020,"Iowa",0.1875,97.875,167.5625,"IA",63565
20,2020,"Kansas",0.181818181818182,109.636363636364,100.272727272727,"KS",83695
21,2020,"Kentucky",0,86.5,83.3461538461538,"KY",86740
22,2020,"Louisiana",0,100.045454545455,106.954545454545,"LA",91429
23,2020,"Maine",0.1,87.8,65.4,"ME",24011
24,2020,"Maryland",0,88.1875,76.6875,"MD",171381
25,2020,"Massachusetts",0,95.4615384615385,106.230769230769,"MA",150084
26,2020,"Michigan",0.259259259259259,126.296296296296,77.037037037037,"MI",135840
27,2020,"Minnesota",0.0952380952380952,94.3809523809524,176.52380952381,"MN",97980
28,2020,"Mississippi",0,82.4,175.1,"MS",63893
29,2020,"Missouri",0.0952380952380952,103.666666666667,89.1904761904762,"MO",127232
30,2020,"Montana",2.26315789473684,149.684210526316,175,"MT",28559
31,2020,"Nebraska",0.111111111111111,98.2222222222222,152.777777777778,"NE",45070
32,2020,"Nevada",4.11111111111111,202.555555555556,78.7777777777778,"NV",103702
33,2020,"New Hampshire",0,75.7142857142857,61,"NH",37995
34,2020,"New Jersey",0,97.875,109.0625,"NJ",209772
35,2020,"New Mexico",0.25,128.75,70.1875,"NM",58924
36,2020,"New York",0.0740740740740741,91.4074074074074,94.2592592592593,"NY",479826
37,2020,"North Carolina",0,79.0555555555556,107.833333333333,"NC",237442
38,2020,"North Dakota",0,69.1111111111111,64.8888888888889,"ND",30903
39,2020,"Ohio",0.075,101.025,97.075,"OH",173459
40,2020,"Oklahoma",0.111111111111111,110.888888888889,119.555555555556,"OK",78295
41,2020,"Oregon",3.95652173913043,430.347826086957,304.391304347826,"OR",105083
42,2020,"Pennsylvania",0.025,98.275,121.5,"PA",213890
44,2020,"Rhode Island",0.333333333333333,133,158.333333333333,"RI",28656
45,2020,"South Carolina",0,89.7142857142857,130.071428571429,"SC",121891
46,2020,"South Dakota",0,95.4,104.7,"SD",25195
47,2020,"Tennessee",0.0869565217391304,94.6521739130435,183.130434782609,"TN",157403
48,2020,"Texas",0.511111111111111,122.044444444444,132.088888888889,"TX",437095
49,2020,"Utah",0.533333333333333,125.8,61.1333333333333,"UT",77703
50,2020,"Vermont",0,73.75,92.75,"VT",16378
51,2020,"Virginia",0,63.6451612903226,64.0322580645161,"VA",261697
53,2020,"Washington",3.54838709677419,340.096774193548,291.903225806452,"WA",204767
54,2020,"West Virginia",0,80.3571428571429,62.2857142857143,"WV",37102
55,2020,"Wisconsin",0.222222222222222,120.481481481481,104.222222222222,"WI",94325
56,2020,"Wyoming",0.833333333333333,193.833333333333,16.1111111111111,"WY",24309
